{"v":"4.8.0","meta":{"g":"LottieFiles AE 2.0.4","a":"","k":"","d":"","tc":"#FFFFFF"},"fr":60,"ip":510,"op":600,"w":40,"h":40,"nm":"Emp - Saving","ddd":0,"assets":[],"layers":[{"ddd":0,"ind":1,"ty":4,"nm":"Mask Outlines","td":1,"sr":1,"ks":{"o":{"a":0,"k":100,"ix":11},"r":{"a":1,"k":[{"i":{"x":[0.833],"y":[0.833]},"o":{"x":[0.167],"y":[0.167]},"t":0,"s":[0]},{"i":{"x":[0.833],"y":[0.833]},"o":{"x":[0.167],"y":[0.167]},"t":60,"s":[12]},{"i":{"x":[0.833],"y":[0.833]},"o":{"x":[0.167],"y":[0.167]},"t":510,"s":[102]},{"t":2399,"s":[480]}],"ix":10},"p":{"a":1,"k":[{"i":{"x":0.833,"y":0.833},"o":{"x":0.167,"y":0.167},"t":0,"s":[19.92,45.156,0],"to":[0,-1.359,0],"ti":[0,1.359,0]},{"i":{"x":0.833,"y":0.833},"o":{"x":0.167,"y":0.167},"t":30,"s":[19.92,37,0],"to":[0,0,0],"ti":[0,0,0]},{"i":{"x":0.833,"y":0.833},"o":{"x":0.167,"y":0.167},"t":510,"s":[19.92,37,0],"to":[0,-2.333,0],"ti":[0,2.333,0]},{"t":540,"s":[19.92,23,0]}],"ix":2},"a":{"a":0,"k":[242.86,176.759,0],"ix":1},"s":{"a":0,"k":[16,16,100],"ix":6}},"ao":0,"shapes":[{"ty":"gr","it":[{"ind":0,"ty":"sh","ix":1,"ks":{"a":0,"k":{"i":[[4.606,-13.293],[8.8,-9.899],[12.16,-5.901],[13.705,-0.816],[13.293,4.607],[9.898,8.799],[5.901,12.159],[0.817,13.704],[-4.606,13.292],[-8.8,9.898],[-12.16,5.9],[-13.705,0.816],[-13.293,-4.606],[-9.898,-8.799],[-5.901,-12.16],[-0.817,-13.704]],"o":[[-4.607,13.293],[-9.121,10.26],[-12.159,5.901],[-13.22,0.787],[-13.293,-4.606],[-10.261,-9.122],[-5.9,-12.16],[-0.787,-13.22],[4.607,-13.293],[9.121,-10.26],[12.159,-5.901],[13.22,-0.788],[13.293,4.607],[10.261,9.121],[5.9,12.16],[0.787,13.22]],"v":[[102.941,35.673],[73.715,65.477],[47.564,98.016],[5.821,98.423],[-35.674,102.94],[-65.476,73.715],[-98.016,47.564],[-98.424,5.822],[-102.941,-35.673],[-73.715,-65.477],[-47.564,-98.016],[-5.821,-98.423],[35.674,-102.941],[65.476,-73.715],[98.016,-47.564],[98.424,-5.822]],"c":true},"ix":2},"nm":"Path 1","mn":"ADBE Vector Shape - Group","hd":false},{"ty":"fl","c":{"a":0,"k":[0.935598395852,0.242945128796,0.259616747089,1],"ix":4},"o":{"a":0,"k":100,"ix":5},"r":1,"bm":0,"nm":"Fill 1","mn":"ADBE Vector Graphic - Fill","hd":false},{"ty":"tr","p":{"a":0,"k":[242.86,176.759],"ix":2},"a":{"a":0,"k":[0,0],"ix":1},"s":{"a":0,"k":[100,100],"ix":3},"r":{"a":0,"k":0,"ix":6},"o":{"a":0,"k":100,"ix":7},"sk":{"a":0,"k":0,"ix":4},"sa":{"a":0,"k":0,"ix":5},"nm":"Transform"}],"nm":"Group 1","np":2,"cix":2,"bm":0,"ix":1,"mn":"ADBE Vector Group","hd":false}],"ip":0,"op":2461,"st":0,"bm":0},{"ddd":0,"ind":2,"ty":4,"nm":"heart filled Outlines","tt":1,"sr":1,"ks":{"o":{"a":0,"k":100,"ix":11},"r":{"a":0,"k":-1,"ix":10},"p":{"a":0,"k":[20,20,0],"ix":2},"a":{"a":0,"k":[12,12,0],"ix":1},"s":{"a":1,"k":[{"i":{"x":[0.667,0.667,0.667],"y":[1,1,1]},"o":{"x":[0.333,0.333,0.333],"y":[0,0,0]},"t":540,"s":[100,100,100]},{"i":{"x":[0.667,0.667,0.667],"y":[1,1,1]},"o":{"x":[0.333,0.333,0.333],"y":[0,0,0]},"t":545,"s":[100,100,100]},{"i":{"x":[0.667,0.667,0.667],"y":[1,1,1]},"o":{"x":[0.333,0.333,0.333],"y":[0,0,0]},"t":548,"s":[90,90,100]},{"i":{"x":[0.667,0.667,0.667],"y":[1,1,1]},"o":{"x":[0.333,0.333,0.333],"y":[0,0,0]},"t":565,"s":[110,110,100]},{"i":{"x":[0.667,0.667,0.667],"y":[1,1,1]},"o":{"x":[0.333,0.333,0.333],"y":[0,0,0]},"t":569,"s":[110,110,100]},{"t":581,"s":[100,100,100]}],"ix":6}},"ao":0,"shapes":[{"ty":"gr","it":[{"ind":0,"ty":"sh","ix":1,"ks":{"a":0,"k":{"i":[[0.465,0],[0.387,0.297],[2.054,2.248],[0,2.312],[-1.046,1.072],[-1.459,0.065],[-0.943,-1.214],[-2.583,-0.116],[-1.033,-1.059],[0,-1.472],[2.583,-2.828],[1.679,-1.318]],"o":[[-0.465,0],[-1.693,-1.33],[-2.583,-2.828],[0,-1.472],[1.033,-1.059],[2.583,-0.116],[0.943,-1.214],[1.472,0.065],[1.046,1.072],[0,2.312],[-2.054,2.248],[-0.388,0.31]],"v":[[-0.001,9.655],[-1.305,9.203],[-6.859,3.894],[-10.76,-3.856],[-9.146,-7.795],[-5.27,-9.539],[-0.001,-6.878],[5.27,-9.539],[9.145,-7.795],[10.76,-3.856],[6.859,3.894],[1.305,9.203]],"c":true},"ix":2},"nm":"Path 1","mn":"ADBE Vector Shape - Group","hd":false},{"ty":"fl","c":{"a":0,"k":[0.098039223166,0.125490196078,0.141176470588,1],"ix":4},"o":{"a":0,"k":100,"ix":5},"r":1,"bm":0,"nm":"Fill 2","mn":"ADBE Vector Graphic - Fill","hd":false},{"ty":"fl","c":{"a":0,"k":[0.098039223166,0.125490196078,0.141176470588,1],"ix":4},"o":{"a":0,"k":100,"ix":5},"r":1,"bm":0,"nm":"Fill 1","mn":"ADBE Vector Graphic - Fill","hd":false},{"ty":"tr","p":{"a":0,"k":[12,11.945],"ix":2},"a":{"a":0,"k":[0,0],"ix":1},"s":{"a":0,"k":[100,100],"ix":3},"r":{"a":0,"k":0,"ix":6},"o":{"a":0,"k":100,"ix":7},"sk":{"a":0,"k":0,"ix":4},"sa":{"a":0,"k":0,"ix":5},"nm":"Transform"}],"nm":"Group 1","np":3,"cix":2,"bm":0,"ix":1,"mn":"ADBE Vector Group","hd":false}],"ip":0,"op":2456,"st":0,"bm":0},{"ddd":0,"ind":3,"ty":4,"nm":"Layer 2/heart empty Outlines","sr":1,"ks":{"o":{"a":0,"k":100,"ix":11},"r":{"a":0,"k":0,"ix":10},"p":{"a":0,"k":[20,20,0],"ix":2},"a":{"a":0,"k":[12,12,0],"ix":1},"s":{"a":1,"k":[{"i":{"x":[0.667,0.667,0.667],"y":[1,1,1]},"o":{"x":[0.333,0.333,0.333],"y":[0,0,0]},"t":554,"s":[100,100,100]},{"i":{"x":[0.667,0.667,0.667],"y":[1,1,1]},"o":{"x":[0.333,0.333,0.333],"y":[0,0,0]},"t":559,"s":[100,100,100]},{"t":562,"s":[90,90,100]}],"ix":6}},"ao":0,"shapes":[{"ty":"gr","it":[{"ind":0,"ty":"sh","ix":1,"ks":{"a":0,"k":{"i":[[1.085,0],[0,0],[0,-1.99],[-2.222,-2.428],[-1.614,-1.266],[-0.065,0.052],[-1.989,2.17],[0,1.782],[2.015,0.09],[0.956,-0.943],[0,-0.013],[0.375,0],[0.155,0.336],[0.762,0.762]],"o":[[0,0],[-2.015,0.09],[0,1.795],[1.989,2.17],[0.065,0.052],[1.601,-1.266],[2.222,-2.428],[0,-1.99],[-1.15,-0.052],[-0.762,0.762],[-0.155,0.336],[-0.374,0],[0,0],[-0.905,-0.904]],"v":[[-5.012,-7.627],[-5.18,-7.627],[-8.835,-3.855],[-5.438,2.59],[-0.104,7.692],[0.13,7.692],[5.464,2.59],[8.861,-3.855],[5.206,-7.627],[2.04,-6.284],[0.878,-4.708],[0.012,-4.165],[-0.852,-4.708],[-2.014,-6.271]],"c":true},"ix":2},"nm":"Path 1","mn":"ADBE Vector Shape - Group","hd":false},{"ind":1,"ty":"sh","ix":2,"ks":{"a":0,"k":{"i":[[0.465,0],[0.388,0.297],[2.054,2.248],[0,2.312],[-1.047,1.072],[-1.46,0.065],[-0.943,-1.214],[-2.584,-0.116],[-1.033,-1.059],[0,-1.473],[2.584,-2.828],[1.679,-1.317]],"o":[[-0.465,0],[-1.692,-1.33],[-2.583,-2.828],[0,-1.473],[1.033,-1.059],[2.583,-0.116],[0.942,-1.214],[1.472,0.065],[1.047,1.072],[0,2.312],[-2.053,2.248],[-0.387,0.31]],"v":[[0.001,9.655],[-1.305,9.203],[-6.859,3.894],[-10.76,-3.855],[-9.145,-7.795],[-5.27,-9.539],[0.001,-6.878],[5.27,-9.539],[9.145,-7.795],[10.76,-3.855],[6.859,3.894],[1.305,9.203]],"c":true},"ix":2},"nm":"Path 2","mn":"ADBE Vector Shape - Group","hd":false},{"ty":"mm","mm":1,"nm":"Merge Paths 1","mn":"ADBE Vector Filter - Merge","hd":false},{"ty":"fl","c":{"a":0,"k":[0.098039223166,0.125490196078,0.141176470588,1],"ix":4},"o":{"a":0,"k":100,"ix":5},"r":1,"bm":0,"nm":"Fill 1","mn":"ADBE Vector Graphic - Fill","hd":false},{"ty":"tr","p":{"a":0,"k":[12.019,11.945],"ix":2},"a":{"a":0,"k":[0,0],"ix":1},"s":{"a":0,"k":[100,100],"ix":3},"r":{"a":0,"k":0,"ix":6},"o":{"a":0,"k":100,"ix":7},"sk":{"a":0,"k":0,"ix":4},"sa":{"a":0,"k":0,"ix":5},"nm":"Transform"}],"nm":"Group 1","np":4,"cix":2,"bm":0,"ix":1,"mn":"ADBE Vector Group","hd":false}],"ip":0,"op":2456,"st":0,"bm":0}],"markers":[]}