{"v":"5.6.3","fr":29.9700012207031,"ip":0,"op":148.000006028164,"w":1600,"h":1200,"nm":"Comp 1","ddd":0,"assets":[{"id":"comp_0","layers":[{"ddd":0,"ind":1,"ty":0,"nm":"Line","refId":"comp_1","sr":1,"ks":{"o":{"a":0,"k":100,"ix":11},"r":{"a":0,"k":0,"ix":10},"p":{"a":0,"k":[800,600,0],"ix":2},"a":{"a":0,"k":[800,600,0],"ix":1},"s":{"a":0,"k":[100,100,100],"ix":6}},"ao":0,"w":1600,"h":1200,"ip":15.0000006109625,"op":52.0000021180034,"st":15.0000006109625,"bm":0},{"ddd":0,"ind":2,"ty":4,"nm":"Shape Layer 1","sr":1,"ks":{"o":{"a":0,"k":100,"ix":11},"r":{"a":0,"k":0,"ix":10},"p":{"a":0,"k":[800,600,0],"ix":2},"a":{"a":0,"k":[0,0,0],"ix":1},"s":{"a":0,"k":[100,100,100],"ix":6}},"ao":0,"shapes":[{"ty":"gr","it":[{"ind":0,"ty":"sh","ix":1,"ks":{"a":0,"k":{"i":[[0,0],[-3.616,-8.556],[-7.472,-4.649],[-9.928,0.562],[-6.977,5.141],[-2.898,7.027],[-0.683,6.974]],"o":[[0.295,6.315],[3.426,8.106],[8.443,5.254],[8.653,-0.49],[6.119,-4.509],[3.95,-9.579],[0,0]],"v":[[-24,-24],[-19.5,3.5],[-3.5,24.5],[25.5,31.5],[49.5,21.5],[63.5,3.5],[69.5,-27]],"c":false},"ix":2},"nm":"Path 1","mn":"ADBE Vector Shape - Group","hd":false},{"ty":"tm","s":{"a":1,"k":[{"i":{"x":[0.667],"y":[1]},"o":{"x":[0.333],"y":[0]},"t":76,"s":[0]},{"t":78.0000031770051,"s":[100]}],"ix":1},"e":{"a":1,"k":[{"i":{"x":[0.667],"y":[1]},"o":{"x":[0.333],"y":[0]},"t":58,"s":[0]},{"t":61.0000024845809,"s":[100]}],"ix":2},"o":{"a":0,"k":0,"ix":3},"m":1,"ix":2,"nm":"Trim Paths 1","mn":"ADBE Vector Filter - Trim","hd":false},{"ty":"st","c":{"a":0,"k":[0.10196078431372549,0.3803921568627451,0.4117647058823529,1],"ix":3},"o":{"a":0,"k":100,"ix":4},"w":{"a":0,"k":20,"ix":5},"lc":2,"lj":2,"bm":0,"nm":"Stroke 1","mn":"ADBE Vector Graphic - Stroke","hd":false},{"ty":"tr","p":{"a":0,"k":[0,0],"ix":2},"a":{"a":0,"k":[0,0],"ix":1},"s":{"a":0,"k":[100,100],"ix":3},"r":{"a":0,"k":0,"ix":6},"o":{"a":0,"k":100,"ix":7},"sk":{"a":0,"k":0,"ix":4},"sa":{"a":0,"k":0,"ix":5},"nm":"Transform"}],"nm":"Shape 1","np":4,"cix":2,"bm":0,"ix":1,"mn":"ADBE Vector Group","hd":false}],"ip":0,"op":628.000025578964,"st":0,"bm":0},{"ddd":0,"ind":3,"ty":4,"nm":"wheel 2","sr":1,"ks":{"o":{"a":0,"k":100,"ix":11},"r":{"a":0,"k":0,"ix":10},"p":{"a":1,"k":[{"i":{"x":0.667,"y":1},"o":{"x":0.333,"y":0},"t":8,"s":[886.5,762.5,0],"to":[0,-3.167,0],"ti":[0,0,0]},{"i":{"x":0.667,"y":1},"o":{"x":0.333,"y":0},"t":13,"s":[886.5,743.5,0],"to":[0,0,0],"ti":[0,-3.167,0]},{"i":{"x":0.667,"y":0.667},"o":{"x":0.167,"y":0.167},"t":16,"s":[886.5,762.5,0],"to":[0,0,0],"ti":[0,0,0]},{"i":{"x":0.667,"y":1},"o":{"x":0.167,"y":0},"t":20,"s":[886.5,762.5,0],"to":[11,0,0],"ti":[0,0,0]},{"i":{"x":0.667,"y":1},"o":{"x":0.167,"y":0},"t":31,"s":[952.5,762.5,0],"to":[0,0,0],"ti":[0,0,0]},{"i":{"x":0.667,"y":1},"o":{"x":0.167,"y":0},"t":34,"s":[886.5,762.5,0],"to":[0,0,0],"ti":[0,0,0]},{"i":{"x":0.667,"y":1},"o":{"x":0.167,"y":0},"t":44,"s":[952.5,762.5,0],"to":[0,0,0],"ti":[11,0,0]},{"i":{"x":0.667,"y":0.667},"o":{"x":0.167,"y":0.167},"t":49,"s":[886.5,762.5,0],"to":[0,0,0],"ti":[0,0,0]},{"i":{"x":0.582,"y":0.69},"o":{"x":0.235,"y":0},"t":52,"s":[886.5,762.5,0],"to":[-0.68,-7.122,0],"ti":[-27.803,78.822,0]},{"i":{"x":0.633,"y":0.881},"o":{"x":0.284,"y":0.33},"t":53,"s":[1050.158,669.049,0],"to":[20.653,-82.028,0],"ti":[2.518,26.364,0]},{"i":{"x":0.703,"y":1},"o":{"x":0.341,"y":0.25},"t":55,"s":[955.022,443.773,0],"to":[-3.222,-33.739,0],"ti":[1.302,13.638,0]},{"i":{"x":0.569,"y":0.435},"o":{"x":0.206,"y":0},"t":58,"s":[868.5,574,0],"to":[-0.299,-3.128,0],"ti":[0.189,1.975,0]},{"i":{"x":0.73,"y":1},"o":{"x":0.317,"y":0.407},"t":63,"s":[869.273,566.391,0],"to":[-1.706,-17.863,0],"ti":[0,0,0]},{"i":{"x":0.633,"y":0.811},"o":{"x":0.167,"y":0},"t":76,"s":[868.5,574,0],"to":[0,0,0],"ti":[2.518,26.364,0]},{"i":{"x":0.67,"y":0.82},"o":{"x":0.337,"y":0.051},"t":78,"s":[955.022,443.773,0],"to":[-1.27,-13.295,0],"ti":[12.754,-61.444,0]},{"i":{"x":0.665,"y":1},"o":{"x":0.335,"y":0.399},"t":79,"s":[1096.09,664.595,0],"to":[-19.613,94.487,0],"ti":[0,0,0]},{"t":81.0000032991976,"s":[886.5,762.5,0]}],"ix":2},"a":{"a":0,"k":[-43.5,162.5,0],"ix":1},"s":{"a":1,"k":[{"i":{"x":[0.667,0.667,0.667],"y":[1,1,1]},"o":{"x":[0.333,0.333,0.333],"y":[0,0,0]},"t":52,"s":[100,100,100]},{"i":{"x":[0.833,0.833,0.833],"y":[1,1,1]},"o":{"x":[0.333,0.333,0.333],"y":[0,0,0]},"t":58,"s":[40,40,100]},{"i":{"x":[0.667,0.667,0.667],"y":[1,1,1]},"o":{"x":[0.167,0.167,0.167],"y":[0,0,0]},"t":76,"s":[40,40,100]},{"t":81.0000032991976,"s":[100,100,100]}],"ix":6}},"ao":0,"shapes":[{"ty":"gr","it":[{"d":1,"ty":"el","s":{"a":0,"k":[17,17],"ix":2},"p":{"a":0,"k":[0,0],"ix":3},"nm":"Ellipse Path 1","mn":"ADBE Vector Shape - Ellipse","hd":false},{"ty":"st","c":{"a":0,"k":[0.15294117647058825,0.5647058823529412,0.6078431372549019,1],"ix":3},"o":{"a":0,"k":100,"ix":4},"w":{"a":0,"k":30,"ix":5},"lc":1,"lj":1,"ml":4,"bm":0,"nm":"Stroke 1","mn":"ADBE Vector Graphic - Stroke","hd":false},{"ty":"tr","p":{"a":0,"k":[-43.5,162.5],"ix":2},"a":{"a":0,"k":[0,0],"ix":1},"s":{"a":0,"k":[100,100],"ix":3},"r":{"a":0,"k":0,"ix":6},"o":{"a":0,"k":100,"ix":7},"sk":{"a":0,"k":0,"ix":4},"sa":{"a":0,"k":0,"ix":5},"nm":"Transform"}],"nm":"Ellipse 1","np":3,"cix":2,"bm":0,"ix":1,"mn":"ADBE Vector Group","hd":false},{"ty":"gr","it":[{"ind":0,"ty":"sh","ix":1,"ks":{"a":0,"k":{"i":[[0,0]],"o":[[0,0]],"v":[[-426,160]],"c":false},"ix":2},"nm":"Path 1","mn":"ADBE Vector Shape - Group","hd":false},{"ty":"st","c":{"a":0,"k":[0.15294117647058825,0.5647058823529412,0.6078431372549019,1],"ix":3},"o":{"a":0,"k":100,"ix":4},"w":{"a":0,"k":30,"ix":5},"lc":1,"lj":1,"ml":4,"bm":0,"nm":"Stroke 1","mn":"ADBE Vector Graphic - Stroke","hd":false},{"ty":"tr","p":{"a":0,"k":[0,0],"ix":2},"a":{"a":0,"k":[0,0],"ix":1},"s":{"a":0,"k":[100,100],"ix":3},"r":{"a":0,"k":0,"ix":6},"o":{"a":0,"k":100,"ix":7},"sk":{"a":0,"k":0,"ix":4},"sa":{"a":0,"k":0,"ix":5},"nm":"Transform"}],"nm":"Shape 1","np":3,"cix":2,"bm":0,"ix":2,"mn":"ADBE Vector Group","hd":false}],"ip":0,"op":628.000025578964,"st":0,"bm":0},{"ddd":0,"ind":4,"ty":4,"nm":"wheel","sr":1,"ks":{"o":{"a":0,"k":100,"ix":11},"r":{"a":0,"k":0,"ix":10},"p":{"a":1,"k":[{"i":{"x":0.667,"y":0.667},"o":{"x":0.333,"y":0.333},"t":4,"s":[756.5,762.5,0],"to":[0,0,0],"ti":[0,0,0]},{"i":{"x":0.667,"y":1},"o":{"x":0.333,"y":0},"t":7,"s":[756.5,762.5,0],"to":[0,-6,0],"ti":[0,0,0]},{"i":{"x":0.667,"y":1},"o":{"x":0.333,"y":0},"t":11,"s":[756.5,726.5,0],"to":[0,0,0],"ti":[0,-6,0]},{"i":{"x":0.667,"y":0.667},"o":{"x":0.167,"y":0.167},"t":13,"s":[756.5,762.5,0],"to":[0,0,0],"ti":[0,0,0]},{"i":{"x":0.667,"y":1},"o":{"x":0.167,"y":0},"t":20,"s":[756.5,762.5,0],"to":[11,0,0],"ti":[0,0,0]},{"i":{"x":0.667,"y":1},"o":{"x":0.167,"y":0},"t":30,"s":[822.5,762.5,0],"to":[0,0,0],"ti":[0,0,0]},{"i":{"x":0.667,"y":1},"o":{"x":0.167,"y":0},"t":35,"s":[756.5,762.5,0],"to":[0,0,0],"ti":[0,0,0]},{"i":{"x":0.667,"y":1},"o":{"x":0.167,"y":0},"t":45,"s":[822.5,762.5,0],"to":[0,0,0],"ti":[11,0,0]},{"i":{"x":0.667,"y":0.667},"o":{"x":0.167,"y":0.167},"t":48,"s":[756.5,762.5,0],"to":[0,0,0],"ti":[0,0,0]},{"i":{"x":0.582,"y":0.686},"o":{"x":0.235,"y":0},"t":52,"s":[756.5,762.5,0],"to":[0.722,-7.108,0],"ti":[9.071,122.578,0]},{"i":{"x":0.633,"y":0.877},"o":{"x":0.284,"y":0.381},"t":53,"s":[601.151,644.348,0],"to":[-28.25,-89.733,0],"ti":[-2.647,26.049,0]},{"i":{"x":0.703,"y":1},"o":{"x":0.341,"y":0.202},"t":55,"s":[661.56,416.646,0],"to":[3.401,-33.47,0],"ti":[-1.375,13.529,0]},{"i":{"x":0.569,"y":0.43},"o":{"x":0.206,"y":0},"t":58,"s":[775.5,575.5,0],"to":[0.34,-3.351,0],"ti":[-0.179,1.764,0]},{"i":{"x":0.73,"y":1},"o":{"x":0.317,"y":0.407},"t":63,"s":[775.771,567.912,0],"to":[1.488,-14.641,0],"ti":[-1.227,12.075,0]},{"i":{"x":0.633,"y":0.85},"o":{"x":0.167,"y":0},"t":76,"s":[775.5,575.5,0],"to":[3.167,-31.167,0],"ti":[-2.647,26.049,0]},{"i":{"x":0.67,"y":0.801},"o":{"x":0.337,"y":0.051},"t":78,"s":[661.56,416.646,0],"to":[1.319,-12.984,0],"ti":[-17.357,-65.014,0]},{"i":{"x":0.665,"y":1},"o":{"x":0.335,"y":0.443},"t":79,"s":[554.82,653.813,0],"to":[27.387,102.58,0],"ti":[0,0,0]},{"t":81.0000032991976,"s":[756.5,762.5,0]}],"ix":2},"a":{"a":0,"k":[-43.5,162.5,0],"ix":1},"s":{"a":1,"k":[{"i":{"x":[0.667,0.667,0.667],"y":[1,1,1]},"o":{"x":[0.333,0.333,0.333],"y":[0,0,0]},"t":52,"s":[100,100,100]},{"i":{"x":[0.667,0.667,0.667],"y":[1,1,1]},"o":{"x":[0.333,0.333,0.333],"y":[0,0,0]},"t":58,"s":[40,40,100]},{"i":{"x":[0.667,0.667,0.667],"y":[1,1,1]},"o":{"x":[0.333,0.333,0.333],"y":[0,0,0]},"t":76,"s":[40,40,100]},{"t":81.0000032991976,"s":[100,100,100]}],"ix":6}},"ao":0,"shapes":[{"ty":"gr","it":[{"d":1,"ty":"el","s":{"a":0,"k":[17,17],"ix":2},"p":{"a":0,"k":[0,0],"ix":3},"nm":"Ellipse Path 1","mn":"ADBE Vector Shape - Ellipse","hd":false},{"ty":"st","c":{"a":0,"k":[0.15294117647058825,0.5647058823529412,0.6078431372549019,1],"ix":3},"o":{"a":0,"k":100,"ix":4},"w":{"a":0,"k":30,"ix":5},"lc":1,"lj":1,"ml":4,"bm":0,"nm":"Stroke 1","mn":"ADBE Vector Graphic - Stroke","hd":false},{"ty":"tr","p":{"a":0,"k":[-43.5,162.5],"ix":2},"a":{"a":0,"k":[0,0],"ix":1},"s":{"a":0,"k":[100,100],"ix":3},"r":{"a":0,"k":0,"ix":6},"o":{"a":0,"k":100,"ix":7},"sk":{"a":0,"k":0,"ix":4},"sa":{"a":0,"k":0,"ix":5},"nm":"Transform"}],"nm":"Ellipse 1","np":3,"cix":2,"bm":0,"ix":1,"mn":"ADBE Vector Group","hd":false},{"ty":"gr","it":[{"ind":0,"ty":"sh","ix":1,"ks":{"a":0,"k":{"i":[[0,0]],"o":[[0,0]],"v":[[-426,160]],"c":false},"ix":2},"nm":"Path 1","mn":"ADBE Vector Shape - Group","hd":false},{"ty":"st","c":{"a":0,"k":[0.15294117647058825,0.5647058823529412,0.6078431372549019,1],"ix":3},"o":{"a":0,"k":100,"ix":4},"w":{"a":0,"k":30,"ix":5},"lc":1,"lj":1,"ml":4,"bm":0,"nm":"Stroke 1","mn":"ADBE Vector Graphic - Stroke","hd":false},{"ty":"tr","p":{"a":0,"k":[0,0],"ix":2},"a":{"a":0,"k":[0,0],"ix":1},"s":{"a":0,"k":[100,100],"ix":3},"r":{"a":0,"k":0,"ix":6},"o":{"a":0,"k":100,"ix":7},"sk":{"a":0,"k":0,"ix":4},"sa":{"a":0,"k":0,"ix":5},"nm":"Transform"}],"nm":"Shape 1","np":3,"cix":2,"bm":0,"ix":2,"mn":"ADBE Vector Group","hd":false}],"ip":0,"op":628.000025578964,"st":0,"bm":0},{"ddd":0,"ind":5,"ty":4,"nm":"cart","sr":1,"ks":{"o":{"a":0,"k":100,"ix":11},"r":{"a":1,"k":[{"i":{"x":[0.667],"y":[1]},"o":{"x":[0.333],"y":[0]},"t":52,"s":[0]},{"i":{"x":[0.667],"y":[1]},"o":{"x":[0.333],"y":[0]},"t":55,"s":[207]},{"i":{"x":[0.833],"y":[1]},"o":{"x":[0.167],"y":[0]},"t":57,"s":[180]},{"i":{"x":[0.833],"y":[1]},"o":{"x":[0.167],"y":[0]},"t":79,"s":[180]},{"t":82.0000033399285,"s":[360]}],"ix":10},"p":{"a":1,"k":[{"i":{"x":0.833,"y":0.833},"o":{"x":0.333,"y":0.333},"t":0,"s":[800,600,0],"to":[0,0,0],"ti":[0,0,0]},{"i":{"x":0.667,"y":1},"o":{"x":0.333,"y":0},"t":3,"s":[800,600,0],"to":[0,0,0],"ti":[0,0,0]},{"i":{"x":0.667,"y":1},"o":{"x":0.333,"y":0},"t":11,"s":[800,554,0],"to":[0,0,0],"ti":[0,0,0]},{"i":{"x":0.667,"y":1},"o":{"x":0.333,"y":0},"t":15,"s":[800,632.445,0],"to":[0,0,0],"ti":[0,0,0]},{"i":{"x":0.667,"y":1},"o":{"x":0.333,"y":0},"t":20,"s":[800,600,0],"to":[0,0,0],"ti":[0,0,0]},{"i":{"x":0.667,"y":1},"o":{"x":0.333,"y":0},"t":30,"s":[854,600,0],"to":[0,0,0],"ti":[0,0,0]},{"i":{"x":0.667,"y":1},"o":{"x":0.333,"y":0},"t":35,"s":[800,600,0],"to":[0,0,0],"ti":[0,0,0]},{"i":{"x":0.667,"y":1},"o":{"x":0.333,"y":0},"t":44,"s":[854,600,0],"to":[0,0,0],"ti":[0,0,0]},{"i":{"x":0.667,"y":0.667},"o":{"x":0.333,"y":0.333},"t":49,"s":[800,600,0],"to":[0,0,0],"ti":[0,0,0]},{"i":{"x":0.667,"y":1},"o":{"x":0.333,"y":0},"t":52,"s":[800,600,0],"to":[0,0,0],"ti":[0,0,0]},{"i":{"x":0.667,"y":0.667},"o":{"x":0.333,"y":0.333},"t":57,"s":[841,619,0],"to":[0,0,0],"ti":[0,0,0]},{"i":{"x":0.833,"y":1},"o":{"x":0.333,"y":0},"t":79,"s":[841,619,0],"to":[0,0,0],"ti":[0,0,0]},{"t":82.0000033399285,"s":[800,600,0]}],"ix":2},"a":{"a":0,"k":[0,0,0],"ix":1},"s":{"a":0,"k":[85,85,100],"ix":6}},"ao":0,"shapes":[{"ty":"gr","it":[{"ind":0,"ty":"sh","ix":1,"ks":{"a":1,"k":[{"i":{"x":0.833,"y":1},"o":{"x":0.333,"y":0},"t":1,"s":[{"i":[[0,0],[5.599,-4.275],[1.227,-3.703],[0,0],[0,0],[0,0],[0,0],[0,0],[5.196,3.358],[0,0],[75.667,0.333]],"o":[[-7.366,2.207],[-5.182,3.957],[-1.177,3.552],[0,0],[0,0],[0,0],[0,0],[0,0],[-6.553,-4.236],[0,0],[0,0]],"v":[[-87.765,-105.882],[-115.461,-94.985],[-131.429,-72.538],[-131.647,-46.118],[-100,130],[148,130],[178,-60],[174.121,-82.945],[162,-97],[140,-105],[-87,-106]],"c":false}]},{"i":{"x":0.667,"y":1},"o":{"x":0.167,"y":0},"t":4,"s":[{"i":[[0,0],[-4.838,0.186],[-1.828,0.07],[0,0],[0,0],[0,0],[0,0],[0,0],[5.196,3.358],[0,0],[75.667,0.333]],"o":[[5.826,-0.224],[3.362,-0.129],[1.67,-0.064],[0,0],[0,0],[0,0],[0,0],[0,0],[-6.553,-4.236],[0,0],[0,0]],"v":[[-206,-190],[-183.683,-190.858],[-168.173,-191.455],[-154,-192],[-100,130],[148,130],[178,-60],[174.122,-82.945],[162,-97],[140,-105],[-87,-106]],"c":false}]},{"i":{"x":0.667,"y":1},"o":{"x":0.333,"y":0},"t":52,"s":[{"i":[[0,0],[-4.838,0.186],[-1.828,0.07],[0,0],[0,0],[0,0],[0,0],[0,0],[5.196,3.358],[0,0],[75.667,0.333]],"o":[[5.826,-0.224],[3.362,-0.129],[1.67,-0.064],[0,0],[0,0],[0,0],[0,0],[0,0],[-6.553,-4.236],[0,0],[0,0]],"v":[[-206,-190],[-183.683,-190.858],[-168.173,-191.455],[-154,-192],[-100,130],[148,130],[178,-60],[174.122,-82.945],[162,-97],[140,-105],[-87,-106]],"c":false}]},{"i":{"x":0.667,"y":1},"o":{"x":0.333,"y":0},"t":57,"s":[{"i":[[0,0],[5.599,-4.275],[1.227,-3.703],[0,0],[0,0],[0,0],[0,0],[0,0],[5.196,3.358],[0,0],[75.667,0.333]],"o":[[-7.366,2.207],[-5.182,3.957],[-1.177,3.552],[0,0],[0,0],[0,0],[0,0],[0,0],[-6.553,-4.236],[0,0],[0,0]],"v":[[-87.765,-105.882],[-115.461,-94.985],[-131.429,-72.538],[-131.647,-46.118],[-100,130],[148,130],[178,-60],[174.121,-82.945],[162,-97],[140,-105],[-87,-106]],"c":false}]},{"i":{"x":0.667,"y":1},"o":{"x":0.333,"y":0},"t":83,"s":[{"i":[[0,0],[5.599,-4.275],[1.227,-3.703],[0,0],[0,0],[0,0],[0,0],[0,0],[5.196,3.358],[0,0],[75.667,0.333]],"o":[[-7.366,2.207],[-5.182,3.957],[-1.177,3.552],[0,0],[0,0],[0,0],[0,0],[0,0],[-6.553,-4.236],[0,0],[0,0]],"v":[[-87.765,-105.882],[-115.461,-94.985],[-131.429,-72.538],[-131.647,-46.118],[-100,130],[148,130],[178,-60],[174.121,-82.945],[162,-97],[140,-105],[-87,-106]],"c":false}]},{"t":87.0000035435826,"s":[{"i":[[0,0],[-4.838,0.186],[-1.828,0.07],[0,0],[0,0],[0,0],[0,0],[0,0],[5.196,3.358],[0,0],[75.667,0.333]],"o":[[5.826,-0.224],[3.362,-0.129],[1.67,-0.064],[0,0],[0,0],[0,0],[0,0],[0,0],[-6.553,-4.236],[0,0],[0,0]],"v":[[-206,-190],[-183.683,-190.858],[-168.173,-191.455],[-154,-192],[-100,130],[148,130],[178,-60],[174.122,-82.945],[162,-97],[140,-105],[-87,-106]],"c":false}]}],"ix":2},"nm":"Path 1","mn":"ADBE Vector Shape - Group","hd":false},{"ty":"st","c":{"a":0,"k":[0.15294117647058825,0.5647058823529412,0.6078431372549019,1],"ix":3},"o":{"a":0,"k":100,"ix":4},"w":{"a":0,"k":25,"ix":5},"lc":2,"lj":2,"bm":0,"nm":"Stroke 1","mn":"ADBE Vector Graphic - Stroke","hd":false},{"ty":"tr","p":{"a":0,"k":[0,0],"ix":2},"a":{"a":0,"k":[0,0],"ix":1},"s":{"a":0,"k":[100,100],"ix":3},"r":{"a":0,"k":0,"ix":6},"o":{"a":0,"k":100,"ix":7},"sk":{"a":0,"k":0,"ix":4},"sa":{"a":0,"k":0,"ix":5},"nm":"Transform"}],"nm":"Shape 1","np":3,"cix":2,"bm":0,"ix":1,"mn":"ADBE Vector Group","hd":false},{"ty":"tm","s":{"a":0,"k":0,"ix":1},"e":{"a":0,"k":100,"ix":2},"o":{"a":0,"k":0,"ix":3},"m":1,"ix":2,"nm":"Trim Paths 1","mn":"ADBE Vector Filter - Trim","hd":false}],"ip":0,"op":628.000025578964,"st":0,"bm":0}]},{"id":"comp_1","layers":[{"ddd":0,"ind":1,"ty":4,"nm":"Line 4","sr":1,"ks":{"o":{"a":0,"k":100,"ix":11},"r":{"a":0,"k":0,"ix":10},"p":{"a":0,"k":[800,642,0],"ix":2},"a":{"a":0,"k":[0,0,0],"ix":1},"s":{"a":0,"k":[100,100,100],"ix":6}},"ao":0,"shapes":[{"ty":"gr","it":[{"ind":0,"ty":"sh","ix":1,"ks":{"a":0,"k":{"i":[[0,0],[5.667,0],[2.389,0]],"o":[[-3.778,0],[-3.583,0],[0,0]],"v":[[-138,26],[-155,26],[-165.75,26]],"c":false},"ix":2},"nm":"Path 1","mn":"ADBE Vector Shape - Group","hd":false},{"ty":"tm","s":{"a":1,"k":[{"i":{"x":[0.667],"y":[1]},"o":{"x":[0.333],"y":[0]},"t":30,"s":[0]},{"t":34.0000013848484,"s":[100]}],"ix":1},"e":{"a":1,"k":[{"i":{"x":[0.667],"y":[1]},"o":{"x":[0.333],"y":[0]},"t":19,"s":[0]},{"t":27.0000010997325,"s":[100]}],"ix":2},"o":{"a":0,"k":0,"ix":3},"m":1,"ix":2,"nm":"Trim Paths 1","mn":"ADBE Vector Filter - Trim","hd":false},{"ty":"st","c":{"a":0,"k":[0.15294117647058825,0.5647058823529412,0.6078431372549019,1],"ix":3},"o":{"a":0,"k":100,"ix":4},"w":{"a":0,"k":25,"ix":5},"lc":2,"lj":1,"ml":4,"bm":0,"nm":"Stroke 1","mn":"ADBE Vector Graphic - Stroke","hd":false},{"ty":"tr","p":{"a":0,"k":[0,0],"ix":2},"a":{"a":0,"k":[0,0],"ix":1},"s":{"a":0,"k":[100,100],"ix":3},"r":{"a":0,"k":0,"ix":6},"o":{"a":0,"k":100,"ix":7},"sk":{"a":0,"k":0,"ix":4},"sa":{"a":0,"k":0,"ix":5},"nm":"Transform"}],"nm":"Shape 1","np":4,"cix":2,"bm":0,"ix":1,"mn":"ADBE Vector Group","hd":false}],"ip":16.0000006516934,"op":37.0000015070409,"st":1.00000004073083,"bm":0},{"ddd":0,"ind":2,"ty":4,"nm":"Line 3","sr":1,"ks":{"o":{"a":0,"k":100,"ix":11},"r":{"a":0,"k":0,"ix":10},"p":{"a":0,"k":[800,642,0],"ix":2},"a":{"a":0,"k":[0,0,0],"ix":1},"s":{"a":0,"k":[100,100,100],"ix":6}},"ao":0,"shapes":[{"ty":"gr","it":[{"ind":0,"ty":"sh","ix":1,"ks":{"a":0,"k":{"i":[[0,0],[5.667,0],[2.389,0]],"o":[[-3.778,0],[-3.583,0],[0,0]],"v":[[-138,26],[-155,26],[-165.75,26]],"c":false},"ix":2},"nm":"Path 1","mn":"ADBE Vector Shape - Group","hd":false},{"ty":"tm","s":{"a":1,"k":[{"i":{"x":[0.667],"y":[1]},"o":{"x":[0.333],"y":[0]},"t":14,"s":[0]},{"t":18.000000733155,"s":[100]}],"ix":1},"e":{"a":1,"k":[{"i":{"x":[0.667],"y":[1]},"o":{"x":[0.333],"y":[0]},"t":3,"s":[0]},{"t":11.0000004480392,"s":[100]}],"ix":2},"o":{"a":0,"k":0,"ix":3},"m":1,"ix":2,"nm":"Trim Paths 1","mn":"ADBE Vector Filter - Trim","hd":false},{"ty":"st","c":{"a":0,"k":[0.15294117647058825,0.5647058823529412,0.6078431372549019,1],"ix":3},"o":{"a":0,"k":100,"ix":4},"w":{"a":0,"k":25,"ix":5},"lc":2,"lj":1,"ml":4,"bm":0,"nm":"Stroke 1","mn":"ADBE Vector Graphic - Stroke","hd":false},{"ty":"tr","p":{"a":0,"k":[0,0],"ix":2},"a":{"a":0,"k":[0,0],"ix":1},"s":{"a":0,"k":[100,100],"ix":3},"r":{"a":0,"k":0,"ix":6},"o":{"a":0,"k":100,"ix":7},"sk":{"a":0,"k":0,"ix":4},"sa":{"a":0,"k":0,"ix":5},"nm":"Transform"}],"nm":"Shape 1","np":4,"cix":2,"bm":0,"ix":1,"mn":"ADBE Vector Group","hd":false}],"ip":0,"op":21.0000008553475,"st":-15.0000006109625,"bm":0},{"ddd":0,"ind":3,"ty":4,"nm":"Line 2","sr":1,"ks":{"o":{"a":0,"k":100,"ix":11},"r":{"a":0,"k":0,"ix":10},"p":{"a":0,"k":[800,600,0],"ix":2},"a":{"a":0,"k":[0,0,0],"ix":1},"s":{"a":0,"k":[100,100,100],"ix":6}},"ao":0,"shapes":[{"ty":"gr","it":[{"ind":0,"ty":"sh","ix":1,"ks":{"a":0,"k":{"i":[[0,0],[8.667,0],[6.5,0]],"o":[[-5.778,0],[-9.75,0],[0,0]],"v":[[-138,26],[-164,26],[-193.25,26]],"c":false},"ix":2},"nm":"Path 1","mn":"ADBE Vector Shape - Group","hd":false},{"ty":"tm","s":{"a":1,"k":[{"i":{"x":[0.667],"y":[1]},"o":{"x":[0.333],"y":[0]},"t":30,"s":[0]},{"t":34.0000013848484,"s":[100]}],"ix":1},"e":{"a":1,"k":[{"i":{"x":[0.667],"y":[1]},"o":{"x":[0.333],"y":[0]},"t":19,"s":[0]},{"t":27.0000010997325,"s":[100]}],"ix":2},"o":{"a":0,"k":0,"ix":3},"m":1,"ix":2,"nm":"Trim Paths 1","mn":"ADBE Vector Filter - Trim","hd":false},{"ty":"st","c":{"a":0,"k":[0.15294117647058825,0.5647058823529412,0.6078431372549019,1],"ix":3},"o":{"a":0,"k":100,"ix":4},"w":{"a":0,"k":25,"ix":5},"lc":2,"lj":1,"ml":4,"bm":0,"nm":"Stroke 1","mn":"ADBE Vector Graphic - Stroke","hd":false},{"ty":"tr","p":{"a":0,"k":[0,0],"ix":2},"a":{"a":0,"k":[0,0],"ix":1},"s":{"a":0,"k":[100,100],"ix":3},"r":{"a":0,"k":0,"ix":6},"o":{"a":0,"k":100,"ix":7},"sk":{"a":0,"k":0,"ix":4},"sa":{"a":0,"k":0,"ix":5},"nm":"Transform"}],"nm":"Shape 1","np":4,"cix":2,"bm":0,"ix":1,"mn":"ADBE Vector Group","hd":false}],"ip":16.0000006516934,"op":37.0000015070409,"st":1.00000004073083,"bm":0},{"ddd":0,"ind":4,"ty":4,"nm":"Line","sr":1,"ks":{"o":{"a":0,"k":100,"ix":11},"r":{"a":0,"k":0,"ix":10},"p":{"a":0,"k":[800,600,0],"ix":2},"a":{"a":0,"k":[0,0,0],"ix":1},"s":{"a":0,"k":[100,100,100],"ix":6}},"ao":0,"shapes":[{"ty":"gr","it":[{"ind":0,"ty":"sh","ix":1,"ks":{"a":0,"k":{"i":[[0,0],[8.667,0],[6.5,0]],"o":[[-5.778,0],[-9.75,0],[0,0]],"v":[[-138,26],[-164,26],[-193.25,26]],"c":false},"ix":2},"nm":"Path 1","mn":"ADBE Vector Shape - Group","hd":false},{"ty":"tm","s":{"a":1,"k":[{"i":{"x":[0.667],"y":[1]},"o":{"x":[0.333],"y":[0]},"t":14,"s":[0]},{"t":18.000000733155,"s":[100]}],"ix":1},"e":{"a":1,"k":[{"i":{"x":[0.667],"y":[1]},"o":{"x":[0.333],"y":[0]},"t":3,"s":[0]},{"t":11.0000004480392,"s":[100]}],"ix":2},"o":{"a":0,"k":0,"ix":3},"m":1,"ix":2,"nm":"Trim Paths 1","mn":"ADBE Vector Filter - Trim","hd":false},{"ty":"st","c":{"a":0,"k":[0.15294117647058825,0.5647058823529412,0.6078431372549019,1],"ix":3},"o":{"a":0,"k":100,"ix":4},"w":{"a":0,"k":25,"ix":5},"lc":2,"lj":1,"ml":4,"bm":0,"nm":"Stroke 1","mn":"ADBE Vector Graphic - Stroke","hd":false},{"ty":"tr","p":{"a":0,"k":[0,0],"ix":2},"a":{"a":0,"k":[0,0],"ix":1},"s":{"a":0,"k":[100,100],"ix":3},"r":{"a":0,"k":0,"ix":6},"o":{"a":0,"k":100,"ix":7},"sk":{"a":0,"k":0,"ix":4},"sa":{"a":0,"k":0,"ix":5},"nm":"Transform"}],"nm":"Shape 1","np":4,"cix":2,"bm":0,"ix":1,"mn":"ADBE Vector Group","hd":false}],"ip":0,"op":21.0000008553475,"st":-15.0000006109625,"bm":0}]}],"layers":[{"ddd":0,"ind":1,"ty":0,"nm":"Loader 3","refId":"comp_0","sr":1.78,"ks":{"o":{"a":0,"k":100,"ix":11},"r":{"a":0,"k":0,"ix":10},"p":{"a":0,"k":[800,600,0],"ix":2},"a":{"a":0,"k":[800,600,0],"ix":1},"s":{"a":0,"k":[127,127,100],"ix":6}},"ao":0,"w":1600,"h":1200,"ip":0,"op":149.520006090074,"st":0,"bm":0},{"ddd":0,"ind":4,"ty":1,"nm":"White Solid 1","sr":1,"ks":{"o":{"a":0,"k":100,"ix":11},"r":{"a":0,"k":0,"ix":10},"p":{"a":0,"k":[800,600,0],"ix":2},"a":{"a":0,"k":[800,600,0],"ix":1},"s":{"a":0,"k":[100,100,100],"ix":6}},"ao":0,"sw":1600,"sh":1200,"sc":"#ffffff","ip":0,"op":628.000025578964,"st":0,"bm":0}],"markers":[]}